iter	Logloss
0	0.6728299106
1	0.6562274935
2	0.6384484694
3	0.6222899364
4	0.6073116933
5	0.567356194
6	0.5363767443
7	0.5073394104
8	0.482820138
9	0.4602722142
10	0.4406962415
11	0.4238041028
12	0.4089136338
13	0.3951163204
14	0.3843846619
15	0.3746282091
16	0.3709953444
17	0.3677019099
18	0.3609221449
19	0.357582829
20	0.3543665473
21	0.3513704918
22	0.3441725633
23	0.3417399923
24	0.33949018
25	0.3352466205
26	0.332921792
27	0.3306547541
28	0.3287013991
29	0.3269068609
